aapl,,,,,,,,,,,,,,,,,,,,,
abnb,,,,,,,,,,,,,,,,,,,,,
achr,,,,,,,,,,,,,,,,,,,,,
adbe,,,,,,,,,,,,,,,,,,,,,
adp,,,,,,,,,,,,,,,,,,,,,
aemd,,,,,,,,,,,,,,,,,,,,,
ag,,,,,,,,,,,,,,,,,,,,,
aka,,,,,,,,,,,,,,,,,,,,,
al,,,,,,,,,,,,,,,,,,,,,
alex,,,,,,,,,,,,,,,,,,,,,
alot,,,,,,,,,,,,,,,,,,,,,
alto,,,,,,,,,,,,,,,,,,,,,
amat,,,,,,,,,,,,,,,,,,,,,
amc,,,,,,,,,,,,,,,,,,,,,
amd,,,,,,,,,,,,,,,,,,,,,
amp,,,,,,,,,,,,,,,,,,,,,
amzn,,,,,,,,,,,,,,,,,,,,,
ap,,,,,,,,,,,,,,  ,  ,,    ,  ,  ,  ,  
api,,,,,,,,,,,,,,,,,,,,,
apre,,,,,,,,,,,,,,,,,,,,,
ar,,,,,,,,,,,,,,,,,,,,,
arm,,,,,,,,,,,,,,,,,,,,,
asml,,,,,,,,,,,,,,,,,,,,,
asns,,,,,,,,,,,,,,  ,    ,,   ,    ,  ,  ,    
asts,,,,,,,,,,,,,,,,,,,,,
asx,,,,,,,,,,,,,,,,,,,,,
atai,,,,,,,,,,,,,,,,,,,,,
atos,,,,,,,,,,,,,,,,,,,,,
au,,,,,,,,,,,,,,,,,,,,,
avgo,,,,,,,,,,,,,,,,,,,,,
ba,,,,,,,,,,,,,,,,,,,,,
baba,,,,,,,,,,,,,,,,,,,,,
bac,,,,,,,,,,,,,,,,,,,,,
ball,,,,,,,,,,,,,,,,,,,,,
band,,,,,,,,,,,,,,,,,,,,,
bbai,,,,,,,,,,,,,,,,,,,,,
bbwi,,,,,,,,,,,,,,,,,,,,,
bcg,,,,,,,,,,,,,,,,,,,,,
ben,,,,,,,,,,,,,,,,,,,,,
bgm,,,,,,,,,,,,,,,,,,,,,
bitf,,,,,,,,,,,,,,,,,,,,,
bold,,,,,,,,,,,,,,,,,,,,,
bolt,,,,,,,,,,,,,,,,,,,,,
bp,,,,,,,,,,,,,,,,,,,,,
btbt,,,,,,,,,,,,,,,,,,,,,
btcm,,,,,,,,,,,,,,,,,,,,,
burl,,,,,,,,,,,,,,,,,,,,,
byd,,,,,,,,,,,,,,,,,,,,,
c,,,,,,,,,,,,,,,,,,,,,
calm,,,,,,,,,,,,,,,,,,,,,
caps,,,,,,,,,,,,,,,,,,,,,
cava,,,,,,,,,,,,,,,,,,,,,
ccs,,,,,,,,,,,,,,    ,     ,,    ,  ,   ,   ,    
cdzi,,,,,,,,,,,,,,,,,,,,,
celh,,,,,,,,,,,,,,,,,,,,,
chwy,,,,,,,,,,,,,,,,,,,,,
ci,,,,,,,,,,,,,,,,,,,,,
cifr,,,,,,,,,,,,,,,,,,,,,
clov,,,,,,,,,,,,,,,,,,,,,
cma,,,,,,,,,,,,,,,,,,,,,
cme,,,,,,,,,,,,,,,,,,,,,
cmg,,,,,,,,,,,,,,,,,,,,,
cms,,,,,,,,,,,,,,,,,,,,,
coin,,,,,,,,,,,,,,,,,,,,,
cola,,,,,,,,,,,,,,,,,,,,,
comp,,,,,,,,,,,,,,  ,    ,,  ,  ,    ,   ,   
cost,,,,,,,,,,,,,,,,,,,,,
crdl,,,,,,,,,,,,,,,,,,,,,
crm,,,,,,,,,,,,,,,,,,,,,
crmd,,,,,,,,,,,,,,,,,,,,,
crwd,,,,,,,,,,,,,,,,,,,,,
cvna,,,,,,,,,,,,,,,,,,,,,
cvs,,,,,,,,,,,,,,  ,  ,,  ,  ,    ,  ,  
dal,,,,,,,,,,,,,,,,,,,,,
dan,,,,,,,,,,,,,,,,,,,,,
dd,,,,,,,,,,,,,,,,,,,,,
de,,,,,,,,,,,,,,,,,,,,,
dea,,,,,,,,,,,,,,,,,,,,,
dec,,,,,,,,,,,,,,  ,   ,,  ,    ,  ,  ,  
deck,,,,,,,,,,,,,,,,,,,,,
dell,,,,,,,,,,,,,,,,,,,,,
dfli,,,,,,,,,,,,,,   ,   ,,   ,  ,    ,   ,  
dis,,,,,,,,,,,,,,,,,,,,,
djt,,,,,,,,,,,,,,,,,,,,,
dkng,,,,,,,,,,,,,,,,,,,,,
dks,,,,,,,,,,,,,,,,,,,,,
dna,,,,,,,,,,,,,,,,,,,,,
doc,,,,,,,,,,,,,,,,,,,,,
docu,,,,,,,,,,,,,,,,,,,,,
dow,,,,,,,,,,,,,,,,,,,,,
dte,,,,,,,,,,,,,,,,,,,,,
eg,,,,,,,,,,,,,,,,,,,,,
elan,,,,,,,,,,,,,,,,,,,,,
em,,,,,,,,,,,,,,,,,,,,,
eose,,,,,,,,,,,,,,,,,,,,,
eric,,,,,,,,,,,,,,,,,,,,,
es,,,,,,,,,,,,,,,,,,,,,
et,,,,,,,,,,,,,,,,,,,,,
etsy,,,,,,,,,,,,,,,,,,,,,
eu,,,,,,,,,,,,,,,,,,,,,
exp,,,,,,,,,,,,,,,,,,,,,
f,,,,,,,,,,,,,,,,,,,,,
fa,,,,,,,,,,,,,,,,,,,,,
farm,,,,,,,,,,,,,,,,,,,,,
fat,,,,,,,,,,,,,,,,,,,,,
fate,,,,,,,,,,,,,,,,,,,,,
fcel,,,,,,,,,,,,,,,,,,,,,
fcf,,,,,,,,,,,,,,,,,,,,,
fdx,,,,,,,,,,,,,,,,,,,,,
fgen,,,,,,,,,,,,,,,,,,,,,
fico,,,,,,,,,,,,,,,,,,,,,
fl,,,,,,,,,,,,,,,,,,,,,
fold,,,,,,,,,,,,,,,,,,,,,
ford,,,,,,,,,,,,,,,,,,,,,
fox,,,,,,,,,,,,,,,,,,,,,
foxa,,,,,,,,,,,,,,,,,,,,,
fr,,,,,,,,,,,,,,,,,,,,,
g,,,,,,,,,,,,,,,,,,,,,
gap,,,,,,,,,,,,,,,,,,,,,
gddy,,,,,,,,,,,,,,,,,,,,,
ge,,,,,,,,,,,,,,,,,,,,,
gen,,,,,,,,,,,,,,,,,,,,,
gldg,,,,,,,,,,,,,,,,,,,,,
glp,,,,,,,,,,,,,,  ,   ,,    ,  ,   ,  ,  
gm,,,,,,,,,,,,,,,,,,,,,
gme,,,,,,,,,,,,,,,,,,,,,
goog,,,,,,,,,,,,,,,,,,,,,
googl,,,,,,,,,,,,,,,,,,,,,
gpus,,,,,,,,,,,,,,,,,,,,,
grab,,,,,,,,,,,,,,,,,,,,,
gree,,,,,,,,,,,,,,,,,,,,,
grrr,,,,,,,,,,,,,,,,,,,,,
gs,,,,,,,,,,,,,,,,,,,,,
gsat,,,,,,,,,,,,,,,,,,,,,
gtx,,,,,,,,,,,,,,,,,,,,,
gwav,,,,,,,,,,,,,,,,,,,,,
h,,,,,,,,,,,,,,,,,,,,,
hd,,,,,,,,,,,,,,,,,,,,,
hims,,,,,,,,,,,,,,,,,,,,,
hiti,,,,,,,,,,,,,,,,,,,,,
holo,,,,,,,,,,,,,,,,,,,,,
hood,,,,,,,,,,,,,,,,,,,,,
hook,,,,,,,,,,,,,,,,,,,,,
hovr,,,,,,,,,,,,,,   ,  ,,  ,   ,    ,   ,  
hr,,,,,,,,,,,,,,,,,,,,,
hubs,,,,,,,,,,,,,,,,,,,,,
ibkr,,,,,,,,,,,,,,,,,,,,,
ibm,,,,,,,,,,,,,,,,,,,,,
ie,,,,,,,,,,,,,,  ,    ,,   ,    ,   ,    ,  
iii,,,,,,,,,,,,,,,,,,,,,
imo,,,,,,,,,,,,,,,,,,,,,
inbs,,,,,,,,,,,,,,,,,,,,,
intc,,,,,,,,,,,,,,,,,,,,,
ionq,,,,,,,,,,,,,,,,,,,,,
iot,,,,,,,,,,,,,,,,,,,,,
ip,,,,,,,,,,,,,,,,,,,,,
iq,,,,,,,,,,,,,,,,,,,,,
ir,,,,,,,,,,,,,,  ,   ,,  ,    ,   ,    , 
irs,,,,,,,,,,,,,,,,,,,,,
jd,,,,,,,,,,,,,,,,,,,,,
joby,,,,,,,,,,,,,,,,,,,,,
joe,,,,,,,,,,,,,,,,,,,,,
jpm,,,,,,,,,,,,,,,,,,,,,
kdly,,,,,,,,,,,,,,,,,,,,,
keys,,,,,,,,,,,,,,,,,,,,,
kkr,,,,,,,,,,,,,,,,,,,,,
ko,,,,,,,,,,,,,,,,,,,,,
kulr,,,,,,,,,,,,,,,,,,,,,
land,,,,,,,,,,,,,,,,,,,,,
law,,,,,,,,,,,,,,,,,,,,,
lb,,,,,,,,,,,,,,,,,,,,,
len,,,,,,,,,,,,,,,,,,,,,
leu,,,,,,,,,,,,,,,,,,,,,
lien,,,,,,,,,,,,,,,,,,,,,
lly,,,,,,,,,,,,,,,,,,,,,
lmt,,,,,,,,,,,,,,,,,,,,,
lng,,,,,,,,,,,,,,,,,,,,,
lode,,,,,,,,,,,,,,,,,,,,,
lrcx,,,,,,,,,,,,,,,,,,,,,
lulu,,,,,,,,,,,,,,,,,,,,,
lung,,,,,,,,,,,,,,,,,,,,,
lunr,,,,,,,,,,,,,,,,,,,,,
luv,,,,,,,,,,,,,,,,,,,,,
m,,,,,,,,,,,,,,,,,,,,,
ma,,,,,,,,,,,,,,,,,,,,,
mac,,,,,,,,,,,,,,,,,,,,,
mag,,,,,,,,,,,,,,,,,,,,,
mar,,,,,,,,,,,,,,,,,,,,,
mara,,,,,,,,,,,,,,,,,,,,,
mbot,,,,,,,,,,,,,,,,,,,,,
mc,,,,,,,,,,,,,,,,,,,,,
mcd,,,,,,,,,,,,,,   ,   ,,   ,   ,   ,   ,  
mck,,,,,,,,,,,,,,,,,,,,,
md,,,,,,,,,,,,,,,,,,,,,
met,,,,,,,,,,,,,,,,,,,,,
meta,,,,,,,,,,,,,,,,,,,,,
mg,,,,,,,,,,,,,,   ,  ,,     ,   ,  ,  ,  
mgx,,,,,,,,,,,,,,,,,,,,,
migi,,,,,,,,,,,,,,,,,,,,,
mira,,,,,,,,,,,,,,,,,,,,,
mmm,,,,,,,,,,,,,,,,,,,,,
mo,,,,,,,,,,,,,,,,,,,,,
mod,,,,,,,,,,,,,,,,,,,,,
mrna,,,,,,,,,,,,,,,,,,,,,
ms,,,,,,,,,,,,,,,,,,,,,
msft,,,,,,,,,,,,,,,,,,,,,
mstr,,,,,,,,,,,,,,,,,,,,,
mt,,,,,,,,,,,,,,,,,,,,,
mu,,,,,,,,,,,,,,,,,,,,,
mvst,,,,,,,,,,,,,,,,,,,,,
mynz,,,,,,,,,,,,,,,,,,,,,
nflx,,,,,,,,,,,,,,,,,,,,,
ni,,,,,,,,,,,,,,   ,   ,,    ,  ,  ,   ,   
nine,,,,,,,,,,,,,,,,,,,,,
nio,,,,,,,,,,,,,,,,,,,,,
nke,,,,,,,,,,,,,,,,,,,,,
nov,,,,,,,,,,,,,,,,,,,,,
nova,,,,,,,,,,,,,,,,,,,,,
nu,,,,,,,,,,,,,,,,,,,,,
nvax,,,,,,,,,,,,,,,,,,,,,
nvda,,,,,,,,,,,,,,,,,,,,,
nxe,,,,,,,,,,,,,,,,,,,,,
nyc,,,,,,,,,,,,,,,,,,,,,
odd,,,,,,,,,,,,,,,,,,,,,
oklo,,,,,,,,,,,,,,,,,,,,,
okta,,,,,,,,,,,,,,,,,,,,,
op,,,,,,,,,,,,,,,,,,,,,
opt,,,,,,,,,,,,,,,,,,,,,
optt,,,,,,,,,,,,,,,,,,,,,
orcl,,,,,,,,,,,,,,  ,   ,,   ,  ,,,
os,,,,,,,,,,,,,,  ,  ,,    ,  ,  ,   ,  
ost,,,,,,,,,,,,,,,,,,,,,
ostx,,,,,,,,,,,,,,,,,,,,,
oxy,,,,,,,,,,,,,,,,,,,,,
pacs,,,,,,,,,,,,,,,,,,,,,
panw,,,,,,,,,,,,,,,,,,,,,
par,,,,,,,,,,,,,,,,,,,,,
para,,,,,,,,,,,,,,,,,,,,,
pc,,,,,,,,,,,,,,,,,,,,,
pdd,,,,,,,,,,,,,,,,,,,,,
peg,,,,,,,,,,,,,,,,,,,,,
pep,,,,,,,,,,,,,,,,,,,,,
pins,,,,,,,,,,,,,,,,,,,,,
pltr,,,,,,,,,,,,,,,,,,,,,
plug,,,,,,,,,,,,,,,,,,,,,
pm,,,,,,,,,,,,,,,,,,,,,
poet,,,,,,,,,,,,,,,,,,,,,
ppg,,,,,,,,,,,,,,,,,,,,,
ppl,,,,,,,,,,,,,,,,,,,,,
pro,,,,,,,,,,,,,,,,,,,,,
prso,,,,,,,,,,,,,,,,,,,,,
pt,,,,,,,,,,,,,,,,,,,,,
qbts,,,,,,,,,,,,,,,,,,,,,
qcom,,,,,,,,,,,,,,,,,,,,,
qs,,,,,,,,,,,,,,,,,,,,,
qubt,,,,,,,,,,,,,,,,,,,,,
ramp,,,,,,,,,,,,,,   ,   ,,    ,   ,  ,   ,   
ray,,,,,,,,,,,,,,,,,,,,,
rblx,,,,,,,,,,,,,,,,,,,,,
rcat,,,,,,,,,,,,,,,,,,,,,
rddt,,,,,,,,,,,,,,,,,,,,,
rely,,,,,,,,,,,,,,,,,,,,,
rgti,,,,,,,,,,,,,,,,,,,,,
rh,,,,,,,,,,,,,,,,,,,,,
rig,,,,,,,,,,,,,,,,,,,,,
rily,,,,,,,,,,,,,,,,,,,,,
rime,,,,,,,,,,,,,,,,,,,,,
rivn,,,,,,,,,,,,,,,,,,,,,
rklb,,,,,,,,,,,,,,,,,,,,,
rnxt,,,,,,,,,,,,,,,,,,,,,
rock,,,,,,,,,,,,,,,,,,,,,
rost,,,,,,,,,,,,,,,,,,,,,
rr,,,,,,,,,,,,,,  ,   ,,  ,  ,    ,  ,   
rs,,,,,,,,,,,,,,,,,,,,,
rsi,,,,,,,,,,,,,,,,,,,,,
ryan,,,,,,,,,,,,,,,,,,,,,
sa,,,,,,,,,,,,,,,,,,,,,
sam,,,,,,,,,,,,,,,,,,,,,
san,,,,,,,,,,,,,,,,,,,,,
sap,,,,,,,,,,,,,,,,,,,,,
sb,,,,,,,,,,,,,,,,,,,,,
sbux,,,,,,,,,,,,,,,,,,,,,
se,,,,,,,,,,,,,,,,,,,,,
sg,,,,,,,,,,,,,,,,,,,,,
ship,,,,,,,,,,,,,,,,,,,,,
siri,,,,,,,,,,,,,,,,,,,,,
sky,,,,,,,,,,,,,,,,,,,,,
skyx,,,,,,,,,,,,,,,,,,,,,
sls,,,,,,,,,,,,,,,,,,,,,
sma,,,,,,,,,,,,,,,,,,,,,
smci,,,,,,,,,,,,,,,,,,,,,
smr,,,,,,,,,,,,,,,,,,,,,
snap,,,,,,,,,,,,,,,,,,,,,
snv,,,,,,,,,,,,,,,,,,,,,
soar,,,,,,,,,,,,,,,,,,,,,
sofi,,,,,,,,,,,,,,,,,,,,,
son,,,,,,,,,,,,,,,,,,,,,
sony,,,,,,,,,,,,,,,,,,,,,
soun,,,,,,,,,,,,,,,,,,,,,
spot,,,,,,,,,,,,,,,,,,,,,
st,,,,,,,,,,,,,,   ,  ,,   ,  ,  ,    ,    
su,,,,,,,,,,,,,,,,,,,,,
tap,,,,,,,,,,,,,,   ,    ,,  ,  ,  ,  ,  
task,,,,,,,,,,,,,,   ,  ,,    ,   ,   ,   ,  
tbh,,,,,,,,,,,,,,,,,,,,,
td,,,,,,,,,,,,,,,,,,,,,
ten,,,,,,,,,,,,,,,,,,,,,
tgt,,,,,,,,,,,,,,,,,,,,,
th,,,,,,,,,,,,,,,,,,,,,
thc,,,,,,,,,,,,,,,,,,,,,
tho,,,,,,,,,,,,,,,,,,,,,
til,,,,,,,,,,,,,,,,,,,,,
tnxp,,,,,,,,,,,,,,,,,,,,,
tops,,,,,,,,,,,,,,,,,,,,,
tpst,,,,,,,,,,,,,,,,,,,,,
trip,,,,,,,,,,,,,,,,,,,,,
tsla,,,,,,,,,,,,,,,,,,,,,
tsm,,,,,,,,,,,,,,,,,,,,,
u,,,,,,,,,,,,,,,,,,,,,
uamy,,,,,,,,,,,,,,   ,  ,,  ,  ,  ,  ,   
uber,,,,,,,,,,,,,,   ,  ,,   ,   ,  ,     ,     
uec,,,,,,,,,,,,,,,,,,,,,
ui,,,,,,,,,,,,,,,,,,,,,
ulta,,,,,,,,,,,,,,,,,,,,,
umac,,,,,,,,,,,,,,,,,,,,,
unit,,,,,,,,,,,,,,,,,,,,,
ups,,,,,,,,,,,,,,,,,,,,,
uuuu,,,,,,,,,,,,,,,,,,,,,
vtgn,,,,,,,,,,,,,,,,,,,,,
vz,,,,,,,,,,,,,,,,,,,,,
w,,,,,,,,,,,,,,,,,,,,,
wbd,,,,,,,,,,,,,,,,,,,,,
wing,,,,,,,,,,,,,,,,,,,,,
wmt,,,,,,,,,,,,,,,,,,,,,
wolf,,,,,,,,,,,,,,,,,,,,,
wrap,,,,,,,,,,,,,,,,,,,,,
wtf,,,,,,,,,,,,,,,,,,,,,
wulf,,,,,,,,,,,,,,,,,,,,,
xyz,,,,,,,,,,,,,,,,,,,,,
yum,,,,,,,,,,,,,,,,,,,,,
z,,,,,,,,,,,,,,,,,,,,,
zip,,,,,,,,,,,,,,,,,,,,,
zm,,,,,,,,,,,,,,,,,,,,,
zs,,,,,,,,,,,,,,,,,,,,,
,,,,,,,,,,,,,,,,,  ,     ,  ,    ,  
,,,,,,,,,,,,,,  ,    ,,     ,   ,  ,  ,   
,,,,,,,,,,,,,,  ,   ,,  ,  ,    ,   ,  